model,window_size,accuracy,kappa,time_ms,throughput,n_eval
xgb_w500,500,0.763702,0.516931,22470.8,1994,44812
xgb_w1000,1000,0.754220,0.496008,21740.5,2038,44312
xgb_w5000,5000,0.705274,0.411063,18605.2,2167,40312
lgbm_w500,500,0.763166,0.515474,35351.2,1268,44812
lgbm_w1000,1000,0.757176,0.502605,34841.7,1272,44312
lgbm_w5000,5000,0.710706,0.423427,31116.6,1296,40312
